coord,Ace2,Adora2a,Aldh1l1,Amigo2,Ano3,Aqp4,Ar,Arhgap36,Avpr1a,Avpr2,Baiap2,Bdnf,Bmp7,Brs3,Calcr,Cbln1,Cbln2,Cckar,Cckbr,Ccnd2,Cd24a,Cdkn1a,Cenpe,Chat,Coch,Col25a1,Cplx3,Cpne5,Creb3l1,Crhbp,Crhr1,Crhr2,Cspg5,Cxcl14,Cyp19a1,Cyp26a1,Cyr61,Dgkk,Ebf3,Egr2,Ermn,Esr1,Etv1,Fbxw13,Fezf1,Fn1,Fst,Gabra1,Gabrg1,Gad1,Galr1,Galr2,Gbx2,Gda,Gem,Gjc3,Glra3,Gpr165,Greb1,Grpr,Htr2c,Igf1r,Igf2r,Irs4,Isl1,Kiss1r,Klf4,Krt90,Lepr,Lmod1,Lpar1,Man1a,Mc4r,Mki67,Mlc1,Myh11,Ndnf,Ndrg1,Necab1,Nos1,Npas1,Npy1r,Npy2r,Ntng1,Ntsr1,Nup62cl,Omp,Onecut2,Opalin,Oprd1,Oprk1,Oprl1,Oxtr,Pak3,Pcdh11x,Pdgfra,Pgr,Plin3,Pnoc,Pou3f2,Prlr,Ramp3,Rgs2,Rgs5,Rnd3,Rxfp1,Scgn,Selplg,Sema3c,Sema4d,Serpinb1b,Serpine1,Sgk1,Slc15a3,Slc17a6,Slc17a7,Slc17a8,Slc18a2,Slco1a4,Sox4,Sox6,Sox8,Sp9,Synpr,Syt2,Syt4,Sytl4,Tacr1,Tacr3,Tiparp,Tmem108,Traf4,Trhr,Ttn,Ttyh2,Adcyap1,Cartpt,Cck,Crh,Gal,Gnrh1,Mbp,Nnat,Nts,Oxt,Penk,Scg2,Sln,Sst,Tac1,Tac2,Th,Trh,Ucn3,Vgf,Excitatory,Inhibitory
0x0,0.0,0.516421733,9.407502594,45.494209994,1.510146008,8.722505977,19.534629794999997,36.705556967999996,1.261778128,0.560163093,45.478705222,8.081992123,0.630872464,2.920960097,0.516421733,35.301597752,44.670195974,2.586730834,8.185618204999999,2.660523363,8.976939203,3.079170622,2.586730834,0.560163093,14.004860050000001,39.256280360999995,3.595592355,47.026826821,8.060901559000001,1.751185581,1.999586661,0.560163093,61.012147539,6.781508103,1.63673485,0.0,2.389480519,12.838046995,2.995825601,1.191035557,2.286296785,2.586730834,40.603710090999996,2.448298158,1.758608055,0.0,12.09834875,31.225325064999996,24.218094146000002,58.003900565,10.858502094999999,1.407023241,2.404556798,52.083453395,2.519007529,1.912098576,21.307407814999998,107.00947502700001,0.0,2.070309101,20.802170697,26.40072235,33.178420066,72.859048653,13.75449128,6.858937715000001,1.008861521,1.147294197,2.740271305,0.879273544,2.645596371,6.9690424879999995,8.229359565,1.521473972,30.288959175000002,0.0,0.879273544,18.300423423999998,25.562390979,17.000062341,0.890601508,2.070309101,13.767298986,5.69219449,1.3956952770000002,0.516421733,22.467025821,26.223496663,2.153138149,15.182778599000002,4.435645017000001,73.689228913,0.516421733,105.578964882,9.626614212,2.657473405,24.447349931,1.639733985,7.853618669,0.630872464,32.858939692,5.85117911,8.906685892999999,0.560163093,3.85155892,0.890601508,1.120313117,20.097762609,3.15441617,52.44393168,1.892677383,5.176568692,2.901562936,1.758608055,105.334957468,2.240634118,0.560163093,1.076584826,1.076584826,12.469513211999999,11.490048843,2.037895705,2.037895705,11.596758083,0.890601508,76.116259873,0.0,1.120313117,6.67541123,11.764491285999998,18.475174344000003,0.0,5.086231692,0.0,0.890601508,0.039313589,0.132082686,0.04797547,0.14456764900000002,0.018932964,0.0,0.138805026,0.083554147,0.014445687,0.0,0.558723932,0.298613759,0.757329312,0.0,0.378962431,0.016809277,2.2404732210000002,0.01458795,0.025848572000000004,0.094773553,4,4
1x1,0.0,0.516421733,16.879776735,45.494209994,1.510146008,26.869473467000002,19.534629794999997,37.773030698,1.795511968,0.560163093,43.105948998,6.095028043,2.232050031,2.920960097,1.050155573,35.835331592,46.805141509,2.586730834,8.185618204999999,2.660523363,11.645620620999999,3.079170622,2.586730834,0.560163093,15.072333780000001,39.790014201,3.595592355,41.747631352999996,6.0739374790000005,1.751185581,2.533320501,1.093896933,63.590770103000004,14.253782244,1.63673485,0.0,3.456954249,13.133984393999999,1.008861521,1.191035557,2.8200306250000002,2.586730834,43.272391508999995,2.448298158,2.292341895,0.53373384,12.09834875,42.434884685,20.92580175,70.28090193500002,10.858502094999999,1.407023241,2.404556798,50.096489315,3.052741369,2.445832416,21.307407814999998,110.74556560799999,0.0,3.671486668,21.335904537,28.68362946,31.873167693,69.41884870199999,13.75449128,6.858937715000001,1.008861521,1.147294197,2.740271305,1.4130073840000001,2.645596371,7.5027763279999995,8.763093405,1.521473972,61.775240435,0.0,0.879273544,16.847193183999998,14.175009579,19.135007876,0.890601508,2.070309101,13.915280441,5.69219449,1.9294291170000002,0.516421733,23.534499551,32.094497477000004,2.686871989,15.182778599000002,4.969378857000001,73.837210368,1.050155573,102.96832573799999,12.828942725,3.191207245,20.47341614,2.707207715,8.387352509,3.8332009769999997,32.858939692,5.85117911,8.906685892999999,0.560163093,5.452736487,0.890601508,1.120313117,8.176647369000001,3.68815001,54.578877215,1.892677383,5.176568692,3.969036666,1.758608055,97.38708058200001,2.240634118,0.560163093,1.076584826,1.076584826,13.151230550000001,13.624994378,4.706577123000001,2.037895705,13.731703618,1.424335348,76.797977211,1.06747373,1.120313117,7.74288496,13.365668852999999,17.169921971,0.0,5.086231692,8.005959716,11.564072268,0.002912167,0.15245179,0.041185390999999995,0.158153246,0.018932964,0.0,0.138805026,0.083554147,0.014445687,0.0,0.5513458440000001,0.298613759,0.757329312,0.0,0.378962431,0.016809277,2.2098436990000003,0.004664369,0.030283946000000003,0.094773553,4,4
2x2,0.0,0.516421733,15.098526916,36.588171757,1.510146008,25.088223648000003,19.534629794999997,34.210560926999996,1.795511968,0.560163093,38.173844552,8.081992123,2.232050031,2.920960097,1.050155573,34.944730084,43.242671738,2.586730834,8.185618204999999,0.879273544,9.864370802,3.079170622,2.586730834,0.560163093,15.072333780000001,38.899412693,3.595592355,42.570571279999996,6.27965174,1.751185581,2.533320501,1.093896933,64.208082429,14.253782244,1.63673485,0.0,3.456954249,17.107918185,2.995825601,1.191035557,1.9294291170000002,2.586730834,39.709921738,2.448298158,2.292341895,0.53373384,11.207747242,40.653634866,21.543114076000002,70.28090193500002,10.858502094999999,0.516421733,2.404556798,51.192851887,3.052741369,2.445832416,21.307407814999998,87.59095726800001,0.0,3.671486668,11.53898164,29.779992032,32.284631712999996,70.72097418599999,11.082682973,4.1871294080000006,1.008861521,1.147294197,2.740271305,1.4130073840000001,2.645596371,4.830968021,8.763093405,0.630872464,59.993990616,0.0,0.879273544,18.834157263999998,26.096124819,16.463199569,0.0,2.070309101,14.120994702,3.0203861830000003,1.9294291170000002,0.516421733,23.534499551,30.313247658,2.686871989,8.94842054,4.969378857000001,62.465974398,1.050155573,101.11927972699999,11.938341217,3.191207245,20.88488016,2.707207715,6.60610269,3.8332009769999997,32.858939692,5.85117911,8.016084385,0.560163093,3.671486668,0.0,1.120313117,20.097762609,3.68815001,47.453940255999996,1.892677383,5.176568692,2.187786847,1.758608055,97.31945368400001,2.240634118,0.560163093,1.076584826,1.076584826,15.138194630000001,11.843744559000001,3.8159756149999997,1.147294197,12.84110211,0.53373384,68.098023211,1.06747373,1.120313117,7.74288496,11.584419034,17.581385990999998,0.0,5.086231692,8.005959716,10.67347076,0.039313589,0.13963918,0.06383439,0.135705617,0.018932964,0.0,0.138805026,0.083554147,0.014445687,0.0,0.45981171900000006,0.298613759,0.757329312,0.0,0.330552804,0.016809277,2.230177919,0.019252319,0.046928878,0.086493443,4,4
3x3,0.0,0.516421733,16.879776735,30.354341194,0.879273544,26.238601003000003,19.534629794999997,34.618614527999995,0.53373384,0.560163093,42.663616602000005,8.081992123,1.601177567,2.920960097,1.050155573,33.311785151,42.388875322000004,1.95585837,7.554745741,2.660523363,8.491204451,2.448298158,1.95585837,0.560163093,11.91791761,25.910114631,2.964719891,45.279242052,8.060901559000001,1.120313117,2.533320501,1.093896933,56.934161887,13.62290978,1.63673485,0.0,2.826081785,15.846140057,2.995825601,0.560163093,2.8200306250000002,1.95585837,42.010613381,2.448298158,2.292341895,0.53373384,10.205671367,39.280468514999995,25.624997436,30.533492795,10.858502094999999,1.407023241,2.404556798,38.203553825,2.421868905,2.445832416,11.843353144999998,95.605696808,0.0,3.0406142039999997,18.181488367,26.885284392,33.954424101,61.40604685299999,9.969182132,6.858937715000001,1.008861521,0.516421733,2.109398841,1.4130073840000001,2.645596371,5.610098945000001,8.132220941,0.890601508,60.513462307,0.0,0.879273544,13.787017588,25.465252355,15.349698727999998,0.890601508,1.439436637,8.331668726,4.430416362,1.9294291170000002,0.516421733,22.903627087,30.832719349,2.686871989,14.551906135000001,2.445832416,69.51530844199999,1.050155573,102.08379216699998,10.305396284,1.9294291170000002,21.92380349,2.0763352509999997,5.863806068000001,3.202328513,31.597161563999997,3.327632669,8.275813429,0.560163093,4.821864023,0.890601508,1.120313117,20.097762609,0.53373384,47.639069223999996,0.0,3.2838913090000004,3.969036666,1.758608055,101.54964832000002,2.240634118,0.560163093,1.076584826,1.076584826,11.352885482000001,9.83968523,4.0757046589999995,1.407023241,13.731703618,1.424335348,69.320886621,1.06747373,1.120313117,7.74288496,13.365668852999999,18.620309321,0.0,5.086231692,8.005959716,11.564072268,0.039313589,0.151724254,0.07530554,0.13600552500000002,0.018932964,0.0,0.138805026,0.083554147,0.014445687,0.0,0.4714224,0.298613759,0.693869702,0.0,0.306171731,0.016809277,2.188465684,0.019252319,0.046928878,0.076448332,4,4
4x4,0.0,0.516421733,11.835560402999999,41.458856088,1.510146008,22.834119561,19.534629794999997,30.711082560999998,1.795511968,0.560163093,47.079882788999996,6.064334251,2.232050031,1.912098576,1.050155573,35.835331592,40.752042181,2.586730834,8.185618204999999,2.660523363,10.6367591,2.070309101,2.586730834,0.560163093,14.063472259000001,37.772356329,2.586730834,44.651291907,6.043243687,1.751185581,2.533320501,1.093896933,63.498644589,13.244920723,1.63673485,0.0,3.456954249,11.054818857,1.98696408,1.191035557,2.8200306250000002,2.586730834,41.254733636999994,1.439436637,2.292341895,0.53373384,8.062994844,35.372936548,26.886775564,56.155741155,10.858502094999999,1.407023241,1.3956952770000002,44.012770178,2.043879848,2.445832416,19.289749942999997,99.647943898,0.0,3.671486668,19.318246665,28.652935667999998,35.847101484,72.383920972,11.736833408,6.858937715000001,0.0,1.147294197,2.740271305,1.4130073840000001,1.63673485,6.4939148069999995,8.763093405,1.521473972,55.722141107,0.0,0.879273544,18.834157263999998,25.087263298,11.064324659,0.890601508,2.070309101,15.902244521,5.69219449,1.9294291170000002,0.516421733,23.534499551,31.085635956,2.686871989,15.182778599000002,4.969378857000001,66.745579304,1.050155573,108.89854475199999,9.802421433,3.191207245,23.43848841,1.698346194,8.387352509,3.8332009769999997,32.858939692,4.842317589,8.906685892999999,0.560163093,5.452736487,0.890601508,1.120313117,18.080104737,3.68815001,52.561219343000005,1.892677383,4.167707171,3.969036666,1.758608055,89.19538438800001,2.240634118,0.560163093,1.076584826,1.076584826,12.111673338,8.580778045999999,4.706577122999999,2.037895705,13.731703618,1.424335348,75.75841999900001,1.06747373,1.120313117,7.74288496,13.365668852999999,21.143855762,0.0,4.077370171,8.005959716,11.564072268,0.039313589,0.129176234,0.072921369,0.158699444,0.018932964,0.0,0.138805026,0.083554147,0.0,0.0,0.461182307,0.298613759,0.757329312,0.0,0.378962431,0.0,2.184927359,0.019252319,0.040327084,0.076515156,4,4
5x5,0.360786525,0.516421733,10.129093659,76.00411995,2.074021723,7.324684447000001,17.145149623,44.64293236499999,1.622564653,0.9209496180000001,38.12898424,6.368733334,0.630872464,3.12406663,13.505851103,40.48882974199999,64.897156549,3.1506065489999995,8.59176446,2.142036344,8.458452184,2.921488143,2.0682438149999998,0.560163093,13.847177571,24.308509021,2.716318811,38.23395658,7.023884569,1.751185581,1.481099642,3.0856572559999997,63.31283264300001,7.345383818,1.63673485,0.0,0.991658989,22.218110248000002,2.995825601,1.191035557,1.767809766,1.7074572899999998,41.325301155999995,1.569024614,0.360786525,0.0,12.459135275,34.314719764,27.104427054000002,80.370741385,10.36385576,2.1286143060000002,1.525283254,25.549739439999996,2.00052051,2.115205109,13.957686833,110.14425269200001,0.0,1.191035557,20.644488218,30.211681151,32.547545896,78.474056574,17.723159523,4.221044055,1.7304525860000002,2.229674274,2.740271305,0.0,2.645596371,8.254523254,6.47075151,2.243065037,31.01055024,0.0,0.0,11.513424788999998,34.583135732,16.481575321999998,0.890601508,3.355789867,13.248811966999998,3.933586435,0.877208258,0.516421733,21.069204291000002,33.485633361,2.513924674,11.50789677,4.999520732000001,72.31412127600001,1.2380127980000002,96.811174399,24.057824871999998,1.778199861,21.854825326,1.639733985,8.417494384000001,0.991658989,33.513506466,4.0925710550000005,3.991659338,0.560163093,4.7762336649999995,1.972981585,1.481099642,19.218489065,7.123084413000001,55.623956969999995,2.253463908,3.417960637,2.901562936,0.721591065,102.833017178,2.240634118,0.560163093,1.076584826,1.437371351,11.274768811,10.971561824,2.39868223,2.75948677,1.9234265400000001,2.3337507669999997,73.658731006,0.0,9.418537023,6.878517763,12.012930533999999,19.399849089,0.360786525,2.290615679,0.0,1.972981585,0.039313589,0.122629551,0.04797547,0.09759822200000001,0.097743055,0.0,0.140515904,0.074578928,0.014445687,0.0,0.53986309,0.298613759,0.06345961,0.0,0.228723666,0.16644698500000002,2.09486049,0.757718844,0.025848572000000004,0.044863728,4,4
6x6,0.360786525,0.516421733,17.6013678,76.00411995,2.074021723,25.471651937,17.145149623,45.710406094999996,2.156298493,0.9209496180000001,35.756228016,4.381769254,2.232050031,3.12406663,14.039584943,41.022563582,67.032102084,3.1506065489999995,8.59176446,2.142036344,11.127133601999999,2.921488143,2.0682438149999998,0.560163093,14.914651301,24.842242861,2.716318811,32.954761112,5.036920489,1.751185581,2.0148334820000002,3.6193910959999998,65.891455207,14.817657958999998,1.63673485,0.0,2.059132719,22.514047646999998,1.008861521,1.191035557,2.301543606,1.7074572899999998,43.99398257399999,1.569024614,0.894520365,0.53373384,12.459135275,45.524279383999996,23.812134658,92.64774275500001,10.36385576,2.1286143060000002,1.525283254,23.562775359999996,2.53425435,2.648938949,13.957686833,113.880343273,0.0,2.792213124,21.178222058,32.494588261000004,31.242293523,75.03385662299999,17.723159523,4.221044055,1.7304525860000002,2.229674274,2.740271305,0.53373384,2.645596371,8.788257094,7.0044853499999995,2.243065037,62.4968315,0.0,0.0,10.060194548999998,23.195754332,18.616520856999998,0.890601508,3.355789867,13.396793421999998,3.933586435,1.410942098,0.516421733,22.136678021,39.356634174999996,3.047658514,11.50789677,5.533254572000001,72.462102731,1.7717466380000002,94.20053525499999,27.260153385,2.311933701,17.880891535,2.707207715,8.951228224000001,4.193987502,33.513506466,4.0925710550000005,3.991659338,0.560163093,6.377411232,1.972981585,1.481099642,7.297373825,7.656818253000001,57.758902504999995,2.253463908,3.417960637,3.969036666,0.721591065,94.885140292,2.240634118,0.560163093,1.076584826,1.437371351,11.956486149,13.106507359,5.067363648000001,2.75948677,4.058372075,2.8674846069999997,74.340448344,1.06747373,9.418537023,7.945991492999999,13.614108101,18.094596715999998,0.360786525,2.290615679,8.005959716,12.646452345,0.002912167,0.142998655,0.041185390999999995,0.11118381899999999,0.097743055,0.0,0.140515904,0.074578928,0.014445687,0.0,0.532485002,0.298613759,0.06345961,0.0,0.228723666,0.16644698500000002,2.064230968,0.747795263,0.030283946000000003,0.044863728,4,4
7x7,0.360786525,0.516421733,15.820117981000001,67.098081713,2.074021723,23.690402118,17.145149623,42.147936324,2.156298493,0.9209496180000001,30.824123569999998,6.368733334,2.232050031,3.12406663,14.039584943,40.13196207399999,63.469632313,3.1506065489999995,8.59176446,0.360786525,9.345883783,2.921488143,2.0682438149999998,0.560163093,14.914651301,23.951641353,2.716318811,33.77770103899999,5.242634750000001,1.751185581,2.0148334820000002,3.6193910959999998,66.508767533,14.817657958999998,1.63673485,0.0,2.059132719,26.487981438,2.995825601,1.191035557,1.410942098,1.7074572899999998,40.431512803,1.569024614,0.894520365,0.53373384,11.568533767,43.743029565,24.429446984000002,92.64774275500001,10.36385576,1.2380127980000002,1.525283254,24.659137931999997,2.53425435,2.648938949,13.957686833,90.72573493300001,0.0,2.792213124,11.381299161000001,33.590950833,31.653757542999998,76.33598210699999,15.051351216,1.549235748,1.7304525860000002,2.229674274,2.740271305,0.53373384,2.645596371,6.116448787,7.0044853499999995,1.352463529,60.715581680999996,0.0,0.0,12.047158628999998,35.116869572,15.944712549999998,0.0,3.355789867,13.602507682999999,1.261778128,1.410942098,0.516421733,22.136678021,37.575384356,3.047658514,5.2735387110000005,5.533254572000001,61.090866761,1.7717466380000002,92.35148924399999,26.369551877,2.311933701,18.292355555,2.707207715,7.169978405,4.193987502,33.513506466,4.0925710550000005,3.10105783,0.560163093,4.596161413,1.082380077,1.481099642,19.218489065,7.656818253000001,50.633965546,2.253463908,3.417960637,2.187786847,0.721591065,94.817513394,2.240634118,0.560163093,1.076584826,1.437371351,13.943450229,11.32525754,4.176762139999999,1.868885262,3.167770567,1.976883099,65.64049434399999,1.06747373,9.418537023,7.945991492999999,11.832858282,18.506060736,0.360786525,2.290615679,8.005959716,11.755850837,0.039313589,0.130186045,0.06383439,0.08873618999999999,0.097743055,0.0,0.140515904,0.074578928,0.014445687,0.0,0.440950877,0.298613759,0.06345961,0.0,0.18031403899999998,0.16644698500000002,2.084565188,0.762383213,0.046928878,0.036583618,4,4
8x8,0.360786525,0.516421733,17.6013678,60.86425115,1.443149259,24.840779473,17.145149623,42.555989925,0.894520365,0.9209496180000001,35.31389562,6.368733334,1.601177567,3.12406663,14.039584943,38.499017140999996,62.615835897,2.5197340849999996,7.960891996000001,2.142036344,7.972717432,2.290615679,1.437371351,0.560163093,11.760235131,10.962343291,2.085446347,36.486371811,7.023884569,1.120313117,2.0148334820000002,3.6193910959999998,59.234846991000005,14.186785494999999,1.63673485,0.0,1.4282602549999999,25.226203310000002,2.995825601,0.560163093,2.301543606,1.076584826,42.732204446,1.569024614,0.894520365,0.53373384,10.566457892,42.369863214,28.511330344,52.900333615,10.36385576,2.1286143060000002,1.525283254,11.669839869999999,1.903381886,2.648938949,4.493632163,98.740474473,0.0,2.16134066,18.023805888,30.696243193,33.323549931,67.02105477399999,13.937850375,4.221044055,1.7304525860000002,1.59880181,2.109398841,0.53373384,2.645596371,6.895579711,6.373612886,1.6121925730000002,61.235053371999996,0.0,0.0,7.000018953,34.485997108,14.831211708999998,0.890601508,2.724917403,7.813181707,2.671808307,1.410942098,0.516421733,21.505805557000002,38.094856047,3.047658514,10.877024306,3.009708131,68.140200805,1.7717466380000002,93.31600168399999,24.736606944,1.050155573,19.331278885,2.0763352509999997,6.427681783000001,3.563115038,32.251728338,1.569024614,3.360786874,0.560163093,5.746538768,1.972981585,1.481099642,19.218489065,4.502402083,50.819094514,0.360786525,1.525283254,3.969036666,0.721591065,99.04770803,2.240634118,0.560163093,1.076584826,1.437371351,10.158141081,9.321198211,4.436491183999999,2.1286143060000002,4.058372075,2.8674846069999997,66.86335775399999,1.06747373,9.418537023,7.945991492999999,13.614108101,19.544984065999998,0.360786525,2.290615679,8.005959716,12.646452345,0.039313589,0.142271119,0.07530554,0.08903609800000001,0.097743055,0.0,0.140515904,0.074578928,0.014445687,0.0,0.452561558,0.298613759,0.0,0.0,0.155932966,0.16644698500000002,2.042852953,0.762383213,0.046928878,0.026538507,4,4
9x9,0.360786525,0.516421733,12.557151467999999,71.968766044,2.074021723,21.436298031,17.145149623,38.648457957999995,2.156298493,0.9209496180000001,39.730161807,4.351075462,2.232050031,2.115205109,14.039584943,41.022563582,60.979002756,3.1506065489999995,8.59176446,2.142036344,10.118272081,1.9126266219999999,2.0682438149999998,0.560163093,13.90578978,22.824584988999998,1.7074572899999998,35.858421666,5.006226697000001,1.751185581,2.0148334820000002,3.6193910959999998,65.799329693,13.808796437999998,1.63673485,0.0,2.059132719,20.43488211,1.98696408,1.191035557,2.301543606,1.7074572899999998,41.97632470199999,0.560163093,0.894520365,0.53373384,8.423781369,38.462331247,29.773108472,78.52258197500001,10.36385576,2.1286143060000002,0.516421733,17.479056222999997,1.5253928289999998,2.648938949,11.940028961,102.782721563,0.0,2.792213124,19.160564186,32.463894468999996,35.216227314,77.998928893,15.705501651,4.221044055,0.721591065,2.229674274,2.740271305,0.53373384,1.63673485,7.779395573,7.0044853499999995,2.243065037,56.443732172,0.0,0.0,12.047158628999998,34.108008051,10.54583764,0.890601508,3.355789867,15.383757501999998,3.933586435,1.410942098,0.516421733,22.136678021,38.347772653999996,3.047658514,11.50789677,5.533254572000001,65.370471667,1.7717466380000002,100.130754269,24.233632092999997,2.311933701,20.845963805,1.698346194,8.951228224000001,4.193987502,33.513506466,3.083709534,3.991659338,0.560163093,6.377411232,1.972981585,1.481099642,17.200831193,7.656818253000001,55.741244632999994,2.253463908,2.409099116,3.969036666,0.721591065,86.693444098,2.240634118,0.560163093,1.076584826,1.437371351,10.916928937,8.062291027,5.067363647999999,2.75948677,4.058372075,2.8674846069999997,73.300891132,1.06747373,9.418537023,7.945991492999999,13.614108101,22.068530507,0.360786525,1.281754158,8.005959716,12.646452345,0.039313589,0.119723099,0.072921369,0.11173001699999999,0.097743055,0.0,0.140515904,0.074578928,0.0,0.0,0.442321465,0.298613759,0.06345961,0.0,0.228723666,0.149637708,2.039314628,0.762383213,0.040327084,0.026605331,4,4
10x10,0.360786525,0.516421733,10.129093659,76.883393494,2.9532952669999997,9.083292502,22.420962702999997,39.363216412,1.622564653,0.9209496180000001,36.363393801,9.885940412,0.630872464,4.003340174,13.505851103,35.206182142,67.531181371,4.029880093,5.070656562000001,3.021309888,9.337725728,3.800761687,2.947517359,0.560163093,14.726451115,33.976564408,3.595592355,36.468366141000004,8.782492624,1.751185581,2.3603731860000003,3.0856572559999997,58.030185043,8.224657361999999,1.63673485,0.0,2.750267044,22.218110248000002,2.995825601,1.191035557,2.64708331,2.586730834,25.486933026,2.448298158,2.1193945800000002,0.0,7.179419321999999,24.635532628,21.824711101000002,80.370741385,19.156726001,2.1286143060000002,2.404556798,52.80504446,2.879794054,2.994478653,22.750557074,81.100795452,0.0,2.070309101,21.523761762,31.090954695,20.226384844000002,47.671979218000004,12.44344357,6.858937715000001,1.7304525860000002,2.229674274,2.740271305,0.879273544,2.645596371,9.133796798,2.949643612,2.243065037,20.452089559999997,0.0,0.879273544,21.186756331999998,29.303419779000002,17.360848865999998,0.890601508,4.2350634110000005,14.128085510999998,5.69219449,1.7564818020000001,0.516421733,22.827812346,24.685780735999998,2.513924674,15.904369664,5.878794276000001,66.149084689,1.2380127980000002,87.119530139,24.057824871999998,2.657473405,20.971582267000002,1.639733985,9.296767928,0.991658989,22.07161123,5.85117911,9.267472418,0.560163093,5.655507209,1.972981585,1.481099642,14.818046656,7.123084413000001,49.461969184,2.253463908,5.176568692,2.901562936,2.48019912,68.505332703,2.240634118,0.560163093,1.076584826,1.437371351,13.912662470999999,11.850835368,2.39868223,2.75948677,11.596758083,2.3337507669999997,62.211304788999996,0.0,9.418537023,2.478075354,9.371108240999998,20.279122633,0.360786525,5.807822757,0.0,1.972981585,0.039313589,0.08421331900000001,0.04797547,0.14456764900000002,0.095162217,0.0,0.118777306,0.021775469,0.014445687,0.0,0.539956071,0.0,0.757329312,0.0,0.333166374,0.16644698500000002,2.116649305,0.757718844,0.023246726000000002,0.094773553,4,4
11x11,0.360786525,0.516421733,17.6013678,76.883393494,2.9532952669999997,27.230259992,22.420962702999997,40.430690141999996,2.156298493,0.9209496180000001,33.990637577,7.898976332,2.232050031,4.003340174,14.039584943,35.739915982,69.666126906,4.029880093,5.070656562000001,3.021309888,12.006407145999999,3.800761687,2.947517359,0.560163093,15.793924845,34.510298248,3.595592355,31.189170672999996,6.795528544,1.751185581,2.8941070260000004,3.6193910959999998,60.608807607,15.696931502999998,1.63673485,0.0,3.8177407740000002,22.514047646999998,1.008861521,1.191035557,3.18081715,2.586730834,28.155614444,2.448298158,2.6531284200000003,0.53373384,7.179419321999999,35.845092248,18.532418705,92.64774275500001,19.156726001,2.1286143060000002,2.404556798,50.81808038,3.413527894,3.528212493,22.750557074,84.836886033,0.0,3.671486668,22.057495602,33.373861805000004,18.921132471,44.231779267,12.44344357,6.858937715000001,1.7304525860000002,2.229674274,2.740271305,1.4130073840000001,2.645596371,9.667530638,3.483377452,2.243065037,51.93837082,0.0,0.879273544,19.733526091999998,17.916038379,19.495794400999998,0.890601508,4.2350634110000005,14.276066965999998,5.69219449,2.290215642,0.516421733,23.895286076,30.55678155,3.047658514,15.904369664,6.412528116000001,66.297066144,1.7717466380000002,84.508890995,27.260153385,3.191207245,16.997648476000002,2.707207715,9.830501768,4.193987502,22.07161123,5.85117911,9.267472418,0.560163093,7.256684776,1.972981585,1.481099642,2.896931416,7.656818253000001,51.596914719,2.253463908,5.176568692,3.969036666,2.48019912,60.557455817000005,2.240634118,0.560163093,1.076584826,1.437371351,14.594379809,13.985780903,5.067363648000001,2.75948677,13.731703618,2.8674846069999997,62.893022126999995,1.06747373,9.418537023,3.545549084,10.972285807999999,18.973870259999998,0.360786525,5.807822757,8.005959716,12.646452345,0.002912167,0.10458242300000001,0.041185390999999995,0.158153246,0.095162217,0.0,0.118777306,0.021775469,0.014445687,0.0,0.532577983,0.0,0.757329312,0.0,0.333166374,0.16644698500000002,2.0860197830000002,0.747795263,0.0276821,0.094773553,4,4
12x12,0.360786525,0.516421733,15.820117981000001,67.977355257,2.9532952669999997,25.449010173,22.420962702999997,36.86822037099999,2.156298493,0.9209496180000001,29.058533130999997,9.885940412,2.232050031,4.003340174,14.039584943,34.849314473999996,66.10365713499999,4.029880093,5.070656562000001,1.240060069,10.225157327,3.800761687,2.947517359,0.560163093,15.793924845,33.619696739999995,3.595592355,32.0121106,7.001242805,1.751185581,2.8941070260000004,3.6193910959999998,61.22611993300001,15.696931502999998,1.63673485,0.0,3.8177407740000002,26.487981438,2.995825601,1.191035557,2.290215642,2.586730834,24.593144672999998,2.448298158,2.6531284200000003,0.53373384,6.288817814,34.063842429,19.149731031,92.64774275500001,19.156726001,1.2380127980000002,2.404556798,51.914442952,3.413527894,3.528212493,22.750557074,61.682277693,0.0,3.671486668,12.260572705000001,34.470224377,19.332596490999997,45.533904751,9.771635263,4.1871294080000006,1.7304525860000002,2.229674274,2.740271305,1.4130073840000001,2.645596371,6.9957223310000005,3.483377452,1.352463529,50.15712100099999,0.0,0.879273544,21.720490171999998,29.837153619,16.823986094,0.0,4.2350634110000005,14.481781226999999,3.0203861830000003,2.290215642,0.516421733,23.895286076,28.775531731,3.047658514,9.670011605,6.412528116000001,54.925830174,1.7717466380000002,82.65984498399999,26.369551877,3.191207245,17.409112496000002,2.707207715,8.049251949,4.193987502,22.07161123,5.85117911,8.37687091,0.560163093,5.475434957,1.082380077,1.481099642,14.818046656,7.656818253000001,44.47197776,2.253463908,5.176568692,2.187786847,2.48019912,60.489828919000004,2.240634118,0.560163093,1.076584826,1.437371351,16.581343889,12.204531084000001,4.176762139999999,1.868885262,12.84110211,1.976883099,54.193068127,1.06747373,9.418537023,3.545549084,9.191035989,19.38533428,0.360786525,5.807822757,8.005959716,11.755850837,0.039313589,0.091769813,0.06383439,0.135705617,0.095162217,0.0,0.118777306,0.021775469,0.014445687,0.0,0.441043858,0.0,0.757329312,0.0,0.284756747,0.16644698500000002,2.106354003,0.762383213,0.044327032,0.086493443,4,4
13x13,0.360786525,0.516421733,17.6013678,61.743524694,2.322422803,26.599387528,22.420962702999997,37.276273972,0.894520365,0.9209496180000001,33.548305181,9.885940412,1.601177567,4.003340174,14.039584943,33.216369541,65.249860719,3.3990076289999998,4.4397840980000005,3.021309888,8.851990976,3.169889223,2.316644895,0.560163093,12.639508675,20.630398678,2.964719891,34.720781372000005,8.782492624,1.120313117,2.8941070260000004,3.6193910959999998,53.95219939100001,15.066059038999999,1.63673485,0.0,3.1868683100000004,25.226203310000002,2.995825601,0.560163093,3.18081715,1.95585837,26.893836315999998,2.448298158,2.6531284200000003,0.53373384,5.286741939000001,32.690676077999996,23.231614391,52.900333615,19.156726001,2.1286143060000002,2.404556798,38.92514489,2.78265543,3.528212493,13.286502404,69.697017233,0.0,3.0406142039999997,18.903079432,31.575516737,21.002388878999998,36.218977418,8.658134422,6.858937715000001,1.7304525860000002,1.59880181,2.109398841,1.4130073840000001,2.645596371,7.774853255,2.852504988,1.6121925730000002,50.676592692,0.0,0.879273544,16.673350495999998,29.206281155,15.710485252999998,0.890601508,3.604190947,8.692455251,4.430416362,2.290215642,0.516421733,23.264413612000002,29.295003422,3.047658514,15.2734972,3.888981675,61.975164217999996,1.7717466380000002,83.624357424,24.736606944,1.9294291170000002,18.448035826,2.0763352509999997,7.306955327,3.563115038,20.809833102,3.327632669,8.636599954,0.560163093,6.625812312,1.972981585,1.481099642,14.818046656,4.502402083,44.657106728,0.360786525,3.2838913090000004,3.969036666,2.48019912,64.72002355500001,2.240634118,0.560163093,1.076584826,1.437371351,12.796034741,10.200471755,4.436491183999999,2.1286143060000002,13.731703618,2.8674846069999997,55.415931537,1.06747373,9.418537023,3.545549084,10.972285807999999,20.424257609999998,0.360786525,5.807822757,8.005959716,12.646452345,0.039313589,0.103854887,0.07530554,0.13600552500000002,0.095162217,0.0,0.118777306,0.021775469,0.014445687,0.0,0.45265453899999997,0.0,0.693869702,0.0,0.260375674,0.16644698500000002,2.064641768,0.762383213,0.044327032,0.076448332,4,4
14x14,0.360786525,0.516421733,12.557151467999999,72.848039588,2.9532952669999997,23.194906086,22.420962702999997,33.368742004999994,2.156298493,0.9209496180000001,37.964571367999994,7.86828254,2.232050031,2.994478653,14.039584943,35.739915982,63.613027578,4.029880093,5.070656562000001,3.021309888,10.997545625,2.791900166,2.947517359,0.560163093,14.785063324,32.492640376,2.586730834,34.092831227000005,6.7648347520000005,1.751185581,2.8941070260000004,3.6193910959999998,60.516682093,14.688069981999998,1.63673485,0.0,3.8177407740000002,20.43488211,1.98696408,1.191035557,3.18081715,2.586730834,26.137956572,1.439436637,2.6531284200000003,0.53373384,3.144065416,28.783144111,24.493392519,78.52258197500001,19.156726001,2.1286143060000002,1.3956952770000002,44.734361242999995,2.404666373,3.528212493,20.732899202,73.739264323,0.0,3.671486668,20.03983773,33.343168012999996,22.895066262,47.196851537,10.425785698,6.858937715000001,0.721591065,2.229674274,2.740271305,1.4130073840000001,1.63673485,8.658669117,3.483377452,2.243065037,45.885271492,0.0,0.879273544,21.720490171999998,28.828292098,11.425111184,0.890601508,4.2350634110000005,16.263031046,5.69219449,2.290215642,0.516421733,23.895286076,29.547920029,3.047658514,15.904369664,6.412528116000001,59.20543508,1.7717466380000002,90.43911000899999,24.233632092999997,3.191207245,19.962720746000002,1.698346194,9.830501768,4.193987502,22.07161123,4.842317589,9.267472418,0.560163093,7.256684776,1.972981585,1.481099642,12.800388784,7.656818253000001,49.579256846999996,2.253463908,4.167707171,3.969036666,2.48019912,52.365759623,2.240634118,0.560163093,1.076584826,1.437371351,13.554822597,8.941564571,5.067363647999999,2.75948677,13.731703618,2.8674846069999997,61.853464914999996,1.06747373,9.418537023,3.545549084,10.972285807999999,22.947804051,0.360786525,4.798961236,8.005959716,12.646452345,0.039313589,0.081306867,0.072921369,0.158699444,0.095162217,0.0,0.118777306,0.021775469,0.0,0.0,0.442414446,0.0,0.757329312,0.0,0.333166374,0.149637708,2.061103443,0.762383213,0.037725238,0.076515156,4,4
15x15,0.360786525,0.0,7.547057216000001,67.071543788,2.9532952669999997,8.566870769000001,18.806087087999998,28.116238545,1.622564653,0.9209496180000001,45.372618733,9.885940412,0.630872464,2.970515142,12.98942937,30.271629872,67.130381454,3.5134583599999996,9.833950781999999,3.021309888,8.304900696,3.800761687,2.431095626,0.560163093,14.726451115,39.256280360999995,3.079170622,44.444790378,8.266070891,1.751185581,2.3603731860000003,3.0856572559999997,62.908129853000005,5.642620918999999,1.120313117,0.0,2.750267044,20.6688745,2.995825601,1.191035557,2.130661577,2.070309101,41.325301155999995,2.448298158,2.1193945800000002,0.0,12.459135275,27.964179685999998,22.973096409,76.23941074000001,17.091094147,1.6121925730000002,1.8881350650000002,52.80504446,2.879794054,1.961653621,21.717732042,103.487770985,0.0,2.070309101,20.49093673,24.893979596999998,35.031927942,58.696245168,17.723159523,5.3097019670000005,1.7304525860000002,1.7132525410000001,1.191035557,0.879273544,2.1291746380000003,8.617375065000001,8.229359565,2.243065037,24.297254201999998,0.0,0.879273544,20.1539313,34.583135732,16.328023834,0.890601508,4.2350634110000005,12.578849763,5.69219449,1.240060069,0.0,21.794987314,25.949866049,1.481099642,15.904369664,4.845969244,76.306936949,0.721591065,90.278160629,21.992193018000002,2.141051672,23.669261777000003,1.639733985,7.747532179999999,0.991658989,26.54765882,5.85117911,7.71823667,0.560163093,5.655507209,1.972981585,1.481099642,20.097762609,7.123084413000001,54.85632526,2.253463908,4.660146959,2.901562936,2.48019912,100.41753822300001,2.240634118,0.560163093,0.560163093,0.9209496180000001,12.879837439,11.850835368,1.8822604969999999,2.243065037,10.563933051,2.3337507669999997,76.61876651099999,0.0,9.418537023,7.241369574,12.585192339999999,16.664247018,0.360786525,5.807822757,0.0,1.972981585,0.039313589,0.132811259,0.04797547,0.13636693700000002,0.081390929,0.0,0.023449476,0.083554147,0.014445687,0.0,0.53895242,0.298613759,0.757329312,0.0,0.36766244800000003,0.16644698500000002,2.0056223739999997,0.757718844,0.025848572000000004,0.094773553,4,4
16x16,0.360786525,0.0,15.019331357,67.071543788,2.9532952669999997,26.713838259000003,18.806087087999998,29.183712274999998,2.156298493,0.9209496180000001,42.999862509,7.898976332,2.232050031,2.970515142,13.52316321,30.805363712,69.265326989,3.5134583599999996,9.833950781999999,3.021309888,10.973582114,3.800761687,2.431095626,0.560163093,15.793924845,39.790014201,3.079170622,39.165594909999996,6.279106811,1.751185581,2.8941070260000004,3.6193910959999998,65.486752417,13.114895059999998,1.120313117,0.0,3.8177407740000002,20.964811898999997,1.008861521,1.191035557,2.664395417,2.070309101,43.99398257399999,2.448298158,2.6531284200000003,0.53373384,12.459135275,39.173739306,19.680804013,88.51641211,17.091094147,1.6121925730000002,1.8881350650000002,50.81808038,3.413527894,2.495387461,21.717732042,107.223861566,0.0,3.671486668,21.02467057,27.176886706999998,33.726675569,55.25604521699999,17.723159523,5.3097019670000005,1.7304525860000002,1.7132525410000001,1.191035557,1.4130073840000001,2.1291746380000003,9.151108905000001,8.763093405,2.243065037,55.783535461999996,0.0,0.879273544,18.70070106,23.195754332,18.462969369,0.890601508,4.2350634110000005,12.726831218,5.69219449,1.7737939090000001,0.0,22.862461044,31.820866863000003,2.0148334820000002,15.904369664,5.379703084,76.454918404,1.2553249050000002,87.667521485,25.194521531,2.674785512,19.695327986000002,2.707207715,8.28126602,4.193987502,26.54765882,5.85117911,7.71823667,0.560163093,7.256684776,1.972981585,1.481099642,8.176647369000001,7.656818253000001,56.991270795,2.253463908,4.660146959,3.969036666,2.48019912,92.469661337,2.240634118,0.560163093,0.560163093,0.9209496180000001,13.561554777,13.985780903,4.550941915,2.243065037,12.698878586,2.8674846069999997,77.30048384899999,1.06747373,9.418537023,8.308843304,14.186369907,15.358994645000001,0.360786525,5.807822757,8.005959716,12.646452345,0.002912167,0.15318036299999999,0.041185390999999995,0.149952534,0.081390929,0.0,0.023449476,0.083554147,0.014445687,0.0,0.531574332,0.298613759,0.757329312,0.0,0.36766244800000003,0.16644698500000002,1.974992852,0.747795263,0.030283946000000003,0.094773553,4,4
17x17,0.360786525,0.0,13.238081538000001,58.165505551,2.9532952669999997,24.932588440000004,18.806087087999998,25.621242504,2.156298493,0.9209496180000001,38.067758063,9.885940412,2.232050031,2.970515142,13.52316321,29.914762204,65.70285721799999,3.5134583599999996,9.833950781999999,1.240060069,9.192332295,3.800761687,2.431095626,0.560163093,15.793924845,38.899412693,3.079170622,39.988534836999996,6.484821072,1.751185581,2.8941070260000004,3.6193910959999998,66.10406474300001,13.114895059999998,1.120313117,0.0,3.8177407740000002,24.938745689999998,2.995825601,1.191035557,1.7737939090000001,2.070309101,40.431512803,2.448298158,2.6531284200000003,0.53373384,11.568533767,37.392489487,20.298116338999996,88.51641211,17.091094147,0.721591065,1.8881350650000002,51.914442952,3.413527894,2.495387461,21.717732042,84.069253226,0.0,3.671486668,11.227747673,28.273249278999998,34.138139589,56.558170700999995,15.051351216,2.63789366,1.7304525860000002,1.7132525410000001,1.191035557,1.4130073840000001,2.1291746380000003,6.479300598,8.763093405,1.352463529,54.00228564299999,0.0,0.879273544,20.68766514,35.116869572,15.791161061999999,0.0,4.2350634110000005,12.932545479,3.0203861830000003,1.7737939090000001,0.0,22.862461044,30.039617044000003,2.0148334820000002,9.670011605,5.379703084,65.083682434,1.2553249050000002,85.818475474,24.303920023,2.674785512,20.106792006000003,2.707207715,6.500016200999999,4.193987502,26.54765882,5.85117911,6.827635162,0.560163093,5.475434957,1.082380077,1.481099642,20.097762609,7.656818253000001,49.866333835999995,2.253463908,4.660146959,2.187786847,2.48019912,92.402034439,2.240634118,0.560163093,0.560163093,0.9209496180000001,15.548518857,12.204531084000001,3.6603404069999996,1.352463529,11.808277078,1.976883099,68.600529849,1.06747373,9.418537023,8.308843304,12.405120088,15.770458665,0.360786525,5.807822757,8.005959716,11.755850837,0.039313589,0.14036775299999998,0.06383439,0.127504905,0.081390929,0.0,0.023449476,0.083554147,0.014445687,0.0,0.440040207,0.298613759,0.757329312,0.0,0.319252821,0.16644698500000002,1.9953270719999998,0.762383213,0.046928878,0.086493443,4,4
18x18,0.360786525,0.0,15.019331357,51.931674988000005,2.322422803,26.082965795000003,18.806087087999998,26.029296105,0.894520365,0.9209496180000001,42.557530113,9.885940412,1.601177567,2.970515142,13.52316321,28.281817270999998,64.849060802,2.8825858959999997,9.203078318,3.021309888,7.819165944,3.169889223,1.800223162,0.560163093,12.639508675,25.910114631,2.448298158,42.697205609,8.266070891,1.120313117,2.8941070260000004,3.6193910959999998,58.830144201,12.484022595999999,1.120313117,0.0,3.1868683100000004,23.676967562,2.995825601,0.560163093,2.664395417,1.439436637,42.732204446,2.448298158,2.6531284200000003,0.53373384,10.566457892,36.019323136,24.379999699,48.76900297,17.091094147,1.6121925730000002,1.8881350650000002,38.92514489,2.78265543,2.495387461,12.253677371999999,92.083992766,0.0,3.0406142039999997,17.8702544,25.378541638999998,35.807931976999996,47.243243367999995,13.937850375,5.3097019670000005,1.7304525860000002,1.082380077,0.560163093,1.4130073840000001,2.1291746380000003,7.258431522,8.132220941,1.6121925730000002,54.52175733399999,0.0,0.879273544,15.640525464,34.485997108,14.677660220999998,0.890601508,3.604190947,7.143219503,4.430416362,1.7737939090000001,0.0,22.23158858,30.559088735000003,2.0148334820000002,15.2734972,2.856156643,72.133016478,1.2553249050000002,86.78298791399999,22.67097509,1.4130073840000001,21.145715336000002,2.0763352509999997,5.757719579,3.563115038,25.285880692,3.327632669,7.087364206,0.560163093,6.625812312,1.972981585,1.481099642,20.097762609,4.502402083,50.051462803999996,0.360786525,2.767469576,3.969036666,2.48019912,96.632229075,2.240634118,0.560163093,0.560163093,0.9209496180000001,11.763209709,10.200471755,3.920069451,1.6121925730000002,12.698878586,2.8674846069999997,69.823393259,1.06747373,9.418537023,8.308843304,14.186369907,16.809381995,0.360786525,5.807822757,8.005959716,12.646452345,0.039313589,0.15245282699999999,0.07530554,0.12780481300000002,0.081390929,0.0,0.023449476,0.083554147,0.014445687,0.0,0.451650888,0.298613759,0.693869702,0.0,0.294871748,0.16644698500000002,1.953614837,0.762383213,0.046928878,0.076448332,4,4
19x19,0.360786525,0.0,9.975115025,63.036189882,2.9532952669999997,22.678484353,18.806087087999998,22.121764138,2.156298493,0.9209496180000001,46.973796300000004,7.86828254,2.232050031,1.961653621,13.52316321,30.805363712,63.212227661,3.5134583599999996,9.833950781999999,3.021309888,9.964720593000001,2.791900166,2.431095626,0.560163093,14.785063324,37.772356329,2.070309101,42.069255464,6.248413019,1.751185581,2.8941070260000004,3.6193910959999998,65.394626903,12.106033538999998,1.120313117,0.0,3.8177407740000002,18.885646362,1.98696408,1.191035557,2.664395417,2.070309101,41.97632470199999,1.439436637,2.6531284200000003,0.53373384,8.423781369,32.111791169,25.641777827,74.39125133,17.091094147,1.6121925730000002,0.879273544,44.734361242999995,2.404666373,2.495387461,19.70007417,96.126239856,0.0,3.671486668,19.007012698,27.146192914999997,37.70060936,58.221117487,15.705501651,5.3097019670000005,0.721591065,1.7132525410000001,1.191035557,1.4130073840000001,1.120313117,8.142247384000001,8.763093405,2.243065037,49.730436133999994,0.0,0.879273544,20.68766514,34.108008051,10.392286152,0.890601508,4.2350634110000005,14.713795297999999,5.69219449,1.7737939090000001,0.0,22.862461044,30.812005342000003,2.0148334820000002,15.904369664,5.379703084,69.36328734,1.2553249050000002,93.597740499,22.168000239,2.674785512,22.660400256000003,1.698346194,8.28126602,4.193987502,26.54765882,4.842317589,7.71823667,0.560163093,7.256684776,1.972981585,1.481099642,18.080104737,7.656818253000001,54.973612923000005,2.253463908,3.6512854380000004,3.969036666,2.48019912,84.277965143,2.240634118,0.560163093,0.560163093,0.9209496180000001,12.521997565,8.941564571,4.550941914999999,2.243065037,12.698878586,2.8674846069999997,76.260926637,1.06747373,9.418537023,8.308843304,14.186369907,19.332928436,0.360786525,4.798961236,8.005959716,12.646452345,0.039313589,0.129904807,0.072921369,0.150498732,0.081390929,0.0,0.023449476,0.083554147,0.0,0.0,0.441410795,0.298613759,0.757329312,0.0,0.36766244800000003,0.149637708,1.9500765119999999,0.762383213,0.040327084,0.076515156,4,4
20x20,0.360786525,0.516421733,10.129093659,70.16156769300001,2.9532952669999997,9.083292502,11.777021602999998,43.522619248,1.622564653,0.360786525,39.639954143000004,9.325777319,0.630872464,4.003340174,13.505851103,45.204479729,61.046509234,3.4697169999999997,10.350372515,3.021309888,8.217412611,3.2405985939999997,2.387354266,0.0,5.7641423000000005,37.015646243,3.035429262,46.466663728,8.782492624,0.630872464,1.240060069,2.525494163,59.066604474,6.5441932309999995,0.516421733,0.0,2.750267044,22.218110248000002,2.995825601,0.630872464,2.64708331,2.026567741,23.401864965999998,1.8881350650000002,2.1193945800000002,0.0,12.459135275,34.633830214999996,24.863792936000003,80.370741385,19.156726001,2.1286143060000002,2.404556798,52.80504446,2.879794054,2.994478653,22.750557074,98.778390102,0.0,1.510146008,17.60268658,20.447013595,32.703814093000005,79.353330118,17.723159523,6.858937715000001,1.7304525860000002,2.229674274,2.180108212,0.879273544,1.525283254,9.133796798,7.669196472,2.243065037,27.089475057999998,0.0,0.879273544,20.626593238999998,27.861309931,16.800685772999998,0.890601508,3.674900318,14.128085510999998,5.69219449,1.7564818020000001,0.516421733,3.7830920760000004,34.684078323,1.393611557,11.983294482000002,5.878794276000001,70.223064729,1.2380127980000002,102.872399179,22.937511755000003,2.657473405,25.130985103,1.639733985,8.176454811,0.991658989,37.90997936,5.2910160170000005,8.707309325,0.0,5.095344116,1.972981585,0.360786525,20.097762609,7.123084413000001,43.777939184,2.253463908,5.176568692,1.781249819,2.48019912,101.78444913799999,0.0,0.0,0.516421733,0.877208258,13.912662470999999,11.850835368,2.39868223,2.75948677,11.596758083,2.3337507669999997,69.887646139,0.0,8.298223906,7.757791307,14.650824193999998,16.358047451,0.360786525,5.247659664,0.0,1.972981585,0.036401422,0.096323923,0.04797547,0.112338783,0.097743055,0.0,0.140515904,0.070753897,0.014445687,0.0,0.523942369,0.298613759,0.757329312,0.0,0.328535132,0.16644698500000002,2.058411397,0.757718844,0.025848572000000004,0.094773553,4,4
21x21,0.360786525,0.516421733,17.6013678,70.16156769300001,2.9532952669999997,27.230259992,11.777021602999998,44.590092978,2.156298493,0.360786525,37.267197919000004,7.338813239,2.232050031,4.003340174,14.039584943,45.738213569,63.181454769,3.4697169999999997,10.350372515,3.021309888,10.886094028999999,3.2405985939999997,2.387354266,0.0,6.83161603,37.549380083,3.035429262,41.187468259999996,6.795528544,0.630872464,1.7737939090000001,3.059228003,61.645227038,14.016467372,0.516421733,0.0,3.8177407740000002,22.514047646999998,1.008861521,0.630872464,3.18081715,2.026567741,26.070546383999996,1.8881350650000002,2.6531284200000003,0.53373384,12.459135275,45.843389834999996,21.571500540000002,92.64774275500001,19.156726001,2.1286143060000002,2.404556798,50.81808038,3.413527894,3.528212493,22.750557074,102.51448068299999,0.0,3.111323575,18.13642042,22.729920705,31.398561720000004,75.913130167,17.723159523,6.858937715000001,1.7304525860000002,2.229674274,2.180108212,1.4130073840000001,1.525283254,9.667530638,8.202930312,2.243065037,58.575756317999996,0.0,0.879273544,19.173362999,16.473928531000002,18.935631307999998,0.890601508,3.674900318,14.276066965999998,5.69219449,2.290215642,0.516421733,4.8505658060000005,40.55507913700001,1.927345397,11.983294482000002,6.412528116000001,70.371046184,1.7717466380000002,100.261760035,26.139840268,3.191207245,21.157051312,2.707207715,8.710188651,4.193987502,37.90997936,5.2910160170000005,8.707309325,0.0,6.696521683,1.972981585,0.360786525,8.176647369000001,7.656818253000001,45.912884719,2.253463908,5.176568692,2.848723549,2.48019912,93.836572252,0.0,0.0,0.516421733,0.877208258,14.594379809,13.985780903,5.067363648000001,2.75948677,13.731703618,2.8674846069999997,70.569363477,1.06747373,8.298223906,8.825265037,16.252001761,15.052795078,0.360786525,5.247659664,8.005959716,12.646452345,0.0,0.116693027,0.041185390999999995,0.12592438,0.097743055,0.0,0.140515904,0.070753897,0.014445687,0.0,0.516564281,0.298613759,0.757329312,0.0,0.328535132,0.16644698500000002,2.027781875,0.747795263,0.030283946000000003,0.094773553,4,4
22x22,0.360786525,0.516421733,15.820117981000001,61.255529456000005,2.9532952669999997,25.449010173,11.777021602999998,41.027623207,2.156298493,0.360786525,32.335093473,9.325777319,2.232050031,4.003340174,14.039584943,44.847612061,59.618984998,3.4697169999999997,10.350372515,1.240060069,9.10484421,3.2405985939999997,2.387354266,0.0,6.83161603,36.658778575,3.035429262,42.010408186999996,7.001242805,0.630872464,1.7737939090000001,3.059228003,62.262539364000006,14.016467372,0.516421733,0.0,3.8177407740000002,26.487981438,2.995825601,0.630872464,2.290215642,2.026567741,22.508076612999997,1.8881350650000002,2.6531284200000003,0.53373384,11.568533767,44.062140016,22.188812866,92.64774275500001,19.156726001,1.2380127980000002,2.404556798,51.914442952,3.413527894,3.528212493,22.750557074,79.359872343,0.0,3.111323575,8.339497523,23.826283277,31.81002574,77.215255651,15.051351216,4.1871294080000006,1.7304525860000002,2.229674274,2.180108212,1.4130073840000001,1.525283254,6.9957223310000005,8.202930312,1.352463529,56.79450649899999,0.0,0.879273544,21.160327078999998,28.395043771,16.263823001,0.0,3.674900318,14.481781226999999,3.0203861830000003,2.290215642,0.516421733,4.8505658060000005,38.773829318000004,1.927345397,5.748936423000001,6.412528116000001,58.999810214,1.7717466380000002,98.412714024,25.24923876,3.191207245,21.568515332,2.707207715,6.928938832,4.193987502,37.90997936,5.2910160170000005,7.816707817,0.0,4.915271864,1.082380077,0.360786525,20.097762609,7.656818253000001,38.787947759999994,2.253463908,5.176568692,1.06747373,2.48019912,93.768945354,0.0,0.0,0.516421733,0.877208258,16.581343889,12.204531084000001,4.176762139999999,1.868885262,12.84110211,1.976883099,61.869409477,1.06747373,8.298223906,8.825265037,14.470751942,15.464259098,0.360786525,5.247659664,8.005959716,11.755850837,0.036401422,0.103880417,0.06383439,0.103476751,0.097743055,0.0,0.140515904,0.070753897,0.014445687,0.0,0.42503015600000005,0.298613759,0.757329312,0.0,0.280125505,0.16644698500000002,2.048116095,0.762383213,0.046928878,0.086493443,4,4
23x23,0.360786525,0.516421733,17.6013678,55.02169889300001,2.322422803,26.599387528,11.777021602999998,41.435676808,0.894520365,0.360786525,36.824865523,9.325777319,1.601177567,4.003340174,14.039584943,43.214667128,58.765188582,2.838844536,9.719500051,3.021309888,7.7316778589999995,2.6097261300000003,1.7564818020000001,0.0,3.67719986,23.669480513,2.404556798,44.719078959,8.782492624,0.0,1.7737939090000001,3.059228003,54.98861882200001,13.385594908,0.516421733,0.0,3.1868683100000004,25.226203310000002,2.995825601,0.0,3.18081715,1.3956952770000002,24.808768255999997,1.8881350650000002,2.6531284200000003,0.53373384,10.566457892,42.68897366499999,26.270696226,52.900333615,19.156726001,2.1286143060000002,2.404556798,38.92514489,2.78265543,3.528212493,13.286502404,87.374611883,0.0,2.480451111,14.98200425,20.931575637,33.479818128000005,67.900328318,13.937850375,6.858937715000001,1.7304525860000002,1.59880181,1.549235748,1.4130073840000001,1.525283254,7.774853255,7.572057848,1.6121925730000002,57.31397818999999,0.0,0.879273544,16.113187402999998,27.764171307,15.150322159999998,0.890601508,3.0440278540000003,8.692455251,4.430416362,2.290215642,0.516421733,4.219693342,39.293301009000004,1.927345397,11.352422018,3.888981675,66.049144258,1.7717466380000002,99.37722646399999,23.616293827,1.9294291170000002,22.607438662,2.0763352509999997,6.1866422100000005,3.563115038,36.648201232,2.767469576,8.076436861,0.0,6.065649219,1.972981585,0.360786525,20.097762609,4.502402083,38.973076727999995,0.360786525,3.2838913090000004,2.848723549,2.48019912,97.99913999,0.0,0.0,0.516421733,0.877208258,12.796034741,10.200471755,4.436491183999999,2.1286143060000002,13.731703618,2.8674846069999997,63.092272887,1.06747373,8.298223906,8.825265037,16.252001761,16.503182428,0.360786525,5.247659664,8.005959716,12.646452345,0.036401422,0.115965491,0.07530554,0.103776659,0.097743055,0.0,0.140515904,0.070753897,0.014445687,0.0,0.436640837,0.298613759,0.693869702,0.0,0.255744432,0.16644698500000002,2.00640386,0.762383213,0.046928878,0.076448332,4,4
24x24,0.360786525,0.516421733,12.557151467999999,66.12621378700001,2.9532952669999997,23.194906086,11.777021602999998,37.528144841,2.156298493,0.360786525,41.241131710000005,7.308119447,2.232050031,2.994478653,14.039584943,45.738213569,57.128355441000004,3.4697169999999997,10.350372515,3.021309888,9.877232508,2.231737073,2.387354266,0.0,5.822754509,35.531722211,2.026567741,44.091128814,6.7648347520000005,0.630872464,1.7737939090000001,3.059228003,61.553101524,13.007605851,0.516421733,0.0,3.8177407740000002,20.43488211,1.98696408,0.630872464,3.18081715,2.026567741,24.052888511999996,0.879273544,2.6531284200000003,0.53373384,8.423781369,38.781441697999995,27.532474354,78.52258197500001,19.156726001,2.1286143060000002,1.3956952770000002,44.734361242999995,2.404666373,3.528212493,20.732899202,91.41685897299999,0.0,3.111323575,16.118762548,22.699226913,35.372495511000004,78.878202437,15.705501651,6.858937715000001,0.721591065,2.229674274,2.180108212,1.4130073840000001,0.516421733,8.658669117,8.202930312,2.243065037,52.522656989999994,0.0,0.879273544,21.160327078999998,27.38618225,10.864948091,0.890601508,3.674900318,16.263031046,5.69219449,2.290215642,0.516421733,4.8505658060000005,39.54621761600001,1.927345397,11.983294482000002,6.412528116000001,63.279415119999996,1.7717466380000002,106.191979049,23.113318976000002,3.191207245,24.122123582,1.698346194,8.710188651,4.193987502,37.90997936,4.282154496,8.707309325,0.0,6.696521683,1.972981585,0.360786525,18.080104737,7.656818253000001,43.895226847,2.253463908,4.167707171,2.848723549,2.48019912,85.644876058,0.0,0.0,0.516421733,0.877208258,13.554822597,8.941564571,5.067363647999999,2.75948677,13.731703618,2.8674846069999997,69.52980626499999,1.06747373,8.298223906,8.825265037,16.252001761,19.026728869,0.360786525,4.238798143,8.005959716,12.646452345,0.036401422,0.093417471,0.072921369,0.126470578,0.097743055,0.0,0.140515904,0.070753897,0.0,0.0,0.426400744,0.298613759,0.757329312,0.0,0.328535132,0.149637708,2.0028655349999998,0.762383213,0.040327084,0.076515156,4,4
25x25,0.360786525,0.516421733,17.6013678,76.88339349399999,2.953295267,27.230259992,22.420962702999997,45.710406094999996,2.156298493,0.9209496180000001,48.523032048000005,9.885940412,2.232050031,4.003340174,14.039584943,46.298376661999995,74.94584285900001,4.029880093,10.350372515,3.021309888,12.006407146,3.800761687,2.947517359,0.560163093,15.793924845,39.79001420099999,3.595592355,49.695508239,8.782492624,1.751185581,2.894107026,3.6193910959999998,77.128242101,15.696931503,1.63673485,0.0,3.817740774,26.487981438000002,2.995825601,1.191035557,3.18081715,2.586730834,43.99398257399999,2.448298158,2.6531284200000003,0.53373384,12.459135275000001,46.403552927999996,29.773108471999997,92.64774275500002,19.156726001,2.1286143060000002,2.404556798,52.80504446,3.413527894,3.528212493,22.750557074,116.51823693300001,0.0,3.671486668,22.057495602,35.360825885,38.733434392,79.88706395799998,17.723159523,6.858937715000001,1.7304525860000002,2.229674274,2.740271305,1.4130073840000001,2.645596371,9.667530638,8.763093405,2.243065037,62.4968315,0.0,0.879273544,21.720490171999998,35.116869572,19.495794401,0.890601508,4.2350634110000005,16.263031046,5.69219449,2.290215642,0.516421733,23.895286076,41.11524223,3.047658514,15.904369664,6.412528116,84.122398354,1.7717466380000002,118.853578021,27.260153385,3.191207245,26.251298220000002,2.707207715,9.830501768000001,4.193987502,37.909979359999994,5.85117911,9.267472418,0.560163093,7.256684775999999,1.972981585,1.481099642,20.097762609,7.656818253000001,62.155375399,2.253463908,5.176568692,3.969036666,2.48019912,110.74675795300001,2.240634118,0.560163093,1.076584826,1.437371351,16.581343889,13.985780903,5.067363648,2.75948677,13.731703618,2.8674846069999997,86.000743967,1.06747373,9.418537023,8.825265037,16.252001761,22.947804051,0.360786525,5.807822757,8.005959716,12.646452345,0.039313589,0.153180363,0.07530554,0.16143311899999999,0.097743055,0.0,0.140515904,0.083554147,0.014445687,0.0,0.602576106,0.298613759,0.757329312,0.0,0.378962431,0.16644698500000002,2.5918846410000005,0.762383213,0.046928878,0.094773553,5,5
